Metric,Value
Accuracy,0.997
Balanced Accuracy,0.9941816410478458
Macro F1,0.9946209241983891
Weighted F1,0.9969979676036014
MCC,0.9945728067653871
Cohen's Kappa,0.9945709906313395
Log Loss,0.016376863568247066
ROC-AUC (OvR Macro),0.9999558381905795
PR-AUC Macro Mean,0.9997969284502295