,SAFE,CAUTION,EVACUATE
SAFE,1.0,0.0,0.0
CAUTION,0.0,0.9959677419354839,0.004032258064516129
EVACUATE,0.0,0.013422818791946308,0.9865771812080537
