,SAFE,CAUTION,EVACUATE
SAFE,1.0,0.0,0.0
CAUTION,0.0,0.9919678714859438,0.006756756756756757
EVACUATE,0.0,0.008032128514056224,0.9932432432432432
