{
  "dataset": {
    "csv_path": "Code\\smart_evacuation_dataset_with_occupancy.csv",
    "rows_total": 5000,
    "features_shape": [
      5000,
      8
    ],
    "target_distribution_total": {
      "SAFE": 3013,
      "CAUTION": 1241,
      "EVACUATE": 746
    },
    "auto_labeled": false
  },
  "evaluation_protocol": {
    "model": "SGDClassifier(loss=log_loss, alpha=0.0005, random_state=42)",
    "scaler": "StandardScaler",
    "epochs": 50,
    "test_size": 0.2,
    "random_state": 42,
    "split": "train_test_split(stratify=y)",
    "classes": [
      "SAFE",
      "CAUTION",
      "EVACUATE"
    ]
  },
  "split_sizes": {
    "train_rows": 4000,
    "test_rows": 1000
  },
  "overall_metrics": {
    "accuracy": 0.997,
    "balanced_accuracy": 0.9941816410478458,
    "precision_micro": 0.997,
    "recall_micro": 0.997,
    "f1_micro": 0.997,
    "precision_macro": 0.9950703715763956,
    "recall_macro": 0.9941816410478458,
    "f1_macro": 0.9946209241983891,
    "precision_weighted": 0.9970012753717573,
    "recall_weighted": 0.997,
    "f1_weighted": 0.9969979676036014,
    "matthews_corrcoef": 0.9945728067653871,
    "cohen_kappa": 0.9945709906313395,
    "log_loss": 0.016376863568247066,
    "roc_auc_ovr_macro": 0.9999558381905795,
    "roc_auc_ovo_macro": 0.9999558381905795,
    "roc_auc_ovr_weighted": 0.9999749512463435,
    "roc_auc_ovo_weighted": 0.9999749512463435,
    "pr_auc_macro_mean": 0.9997969284502295
  },
  "average_precision_per_class": {
    "SAFE": 1.0,
    "CAUTION": 0.9998398439843259,
    "EVACUATE": 0.9995509413663627
  },
  "confusion_matrix": {
    "labels": [
      "SAFE",
      "CAUTION",
      "EVACUATE"
    ],
    "counts": [
      [
        603,
        0,
        0
      ],
      [
        0,
        247,
        1
      ],
      [
        0,
        2,
        147
      ]
    ],
    "normalized_true": [
      [
        1.0,
        0.0,
        0.0
      ],
      [
        0.0,
        0.9959677419354839,
        0.004032258064516129
      ],
      [
        0.0,
        0.013422818791946308,
        0.9865771812080537
      ]
    ],
    "normalized_pred": [
      [
        1.0,
        0.0,
        0.0
      ],
      [
        0.0,
        0.9919678714859438,
        0.006756756756756757
      ],
      [
        0.0,
        0.008032128514056224,
        0.9932432432432432
      ]
    ],
    "normalized_all": [
      [
        0.603,
        0.0,
        0.0
      ],
      [
        0.0,
        0.247,
        0.001
      ],
      [
        0.0,
        0.002,
        0.147
      ]
    ]
  },
  "per_class_rates_ovr": {
    "SAFE": {
      "tp": 603.0,
      "tn": 397.0,
      "fp": 0.0,
      "fn": 0.0,
      "sensitivity_tpr_recall": 1.0,
      "specificity_tnr": 1.0,
      "precision_ppv": 1.0,
      "npv": 1.0,
      "false_positive_rate": 0.0,
      "false_negative_rate": 0.0
    },
    "CAUTION": {
      "tp": 247.0,
      "tn": 750.0,
      "fp": 2.0,
      "fn": 1.0,
      "sensitivity_tpr_recall": 0.9959677419354839,
      "specificity_tnr": 0.9973404255319149,
      "precision_ppv": 0.9919678714859438,
      "npv": 0.9986684420772304,
      "false_positive_rate": 0.0026595744680851063,
      "false_negative_rate": 0.004032258064516129
    },
    "EVACUATE": {
      "tp": 147.0,
      "tn": 850.0,
      "fp": 1.0,
      "fn": 2.0,
      "sensitivity_tpr_recall": 0.9865771812080537,
      "specificity_tnr": 0.9988249118683902,
      "precision_ppv": 0.9932432432432432,
      "npv": 0.9976525821596244,
      "false_positive_rate": 0.0011750881316098707,
      "false_negative_rate": 0.013422818791946308
    }
  },
  "classification_report": {
    "SAFE": {
      "precision": 1.0,
      "recall": 1.0,
      "f1-score": 1.0,
      "support": 603.0
    },
    "CAUTION": {
      "precision": 0.9919678714859438,
      "recall": 0.9959677419354839,
      "f1-score": 0.993963782696177,
      "support": 248.0
    },
    "EVACUATE": {
      "precision": 0.9932432432432432,
      "recall": 0.9865771812080537,
      "f1-score": 0.98989898989899,
      "support": 149.0
    },
    "accuracy": 0.997,
    "macro avg": {
      "precision": 0.9950703715763956,
      "recall": 0.9941816410478458,
      "f1-score": 0.9946209241983891,
      "support": 1000.0
    },
    "weighted avg": {
      "precision": 0.9970012753717573,
      "recall": 0.997,
      "f1-score": 0.9969979676036014,
      "support": 1000.0
    }
  },
  "epoch_loss": [
    0.016663443984609175,
    0.021481351321177556,
    0.018456949050134903,
    0.020198689942153954,
    0.018266389810021218,
    0.022664409475678243,
    0.0200099795800024,
    0.02044601508236934,
    0.019597192483554328,
    0.019194598991065213,
    0.020486352161784595,
    0.020209974514528113,
    0.01899393067809323,
    0.01978084983494767,
    0.020996901853353768,
    0.021085740704401806,
    0.021537077658721992,
    0.0207618338171009,
    0.022166428823933115,
    0.02000710408631477,
    0.020039806468062863,
    0.01993110698074901,
    0.019506653560964666,
    0.020012966415006217,
    0.020880169798179124,
    0.020687869649030476,
    0.020152271576423516,
    0.02111453232906445,
    0.019812626350826593,
    0.020427030660412425,
    0.01955898934877079,
    0.02009400536139668,
    0.019952607052276326,
    0.020226635786205514,
    0.021119109730625595,
    0.021488704883458394,
    0.020350597360415827,
    0.021055779284375024,
    0.01980053906167638,
    0.019938129905995753,
    0.020331853298780275,
    0.020087547835363453,
    0.020927935373318166,
    0.02084120132206669,
    0.02078271966570781,
    0.020011868106493785,
    0.021305281436255704,
    0.020376979776820327,
    0.020210926213208413,
    0.020253556867019108
  ]
}